{"joint": {"0": [[28.817624881627868, 43.57062735503635, 52.377218267113065], "NO"], "1": [[57.635249763255736, 43.57062735503635, 52.377218267113065], "NO"], "2": [[28.817624881627868, 87.1412547100727, 52.377218267113065], "NO"], "3": [[57.635249763255736, 87.1412547100727, 52.377218267113065], "NO"], "4": [[28.817624881627868, 43.57062735503635, 104.75443653422613], "NO"], "5": [[57.635249763255736, 43.57062735503635, 104.75443653422613], "NO"], "6": [[28.817624881627868, 87.1412547100727, 104.75443653422613], "NO"], "7": [[57.635249763255736, 87.1412547100727, 104.75443653422613], "NO"], "8": [[28.817624881627868, 130.71188206510905, 52.377218267113065], "NO"], "9": [[57.635249763255736, 130.71188206510905, 52.377218267113065], "NO"], "10": [[28.817624881627868, 130.71188206510905, 104.75443653422613], "NO"], "11": [[57.635249763255736, 130.71188206510905, 104.75443653422613], "NO"], "12": [[28.817624881627868, 87.1412547100727, 157.1316548013392], "NO"], "13": [[57.635249763255736, 87.1412547100727, 157.1316548013392], "NO"], "14": [[28.817624881627868, 130.71188206510905, 157.1316548013392], "NO"], "15": [[57.635249763255736, 130.71188206510905, 157.1316548013392], "NO"], "16": [[28.817624881627868, 43.57062735503635, 0.0], "PIN"], "17": [[57.635249763255736, 43.57062735503635, 0.0], "PIN"], "18": [[28.817624881627868, 87.1412547100727, 0.0], "PIN"], "19": [[57.635249763255736, 87.1412547100727, 0.0], "PIN"]}, "force": {"11": [-534.4182272779396, -797.9971411805418, -444.0527937798157], "9": [271.3688885288004, -270.33564205983157, -259.6380657662347], "3": [-580.9859384570246, -466.0443559017733, 873.3091754249879], "15": [296.0707704931872, 218.2620113339765, -657.722703603806], "1": [458.25359590069843, -673.1950124761432, -241.0891164847044], "0": [979.0467012731906, 279.99951970818574, 113.89948754929242], "13": [369.2285019797491, 685.7038403796191, 551.9998230924896], "4": [-541.9038560717913, -935.7995121919245, -369.0939038818361], "12": [-464.5182480485945, -578.0343128273471, 885.8194286701089], "6": [752.7352529453376, -370.64423840304414, 310.87733058976005]}, "member": {"0": [[0, 5], [1.0, 10000000.0, 0.1]], "1": [[1, 7], [1.0, 10000000.0, 0.1]], "2": [[3, 6], [1.0, 10000000.0, 0.1]], "3": [[2, 7], [1.0, 10000000.0, 0.1]], "4": [[0, 6], [1.0, 10000000.0, 0.1]], "5": [[5, 6], [1.0, 10000000.0, 0.1]], "6": [[1, 2], [1.0, 10000000.0, 0.1]], "7": [[4, 5], [1.0, 10000000.0, 0.1]], "8": [[5, 7], [1.0, 10000000.0, 0.1]], "9": [[6, 7], [1.0, 10000000.0, 0.1]], "10": [[4, 6], [1.0, 10000000.0, 0.1]], "11": [[0, 1], [1.0, 10000000.0, 0.1]], "12": [[0, 2], [1.0, 10000000.0, 0.1]], "13": [[1, 3], [1.0, 10000000.0, 0.1]], "14": [[2, 3], [1.0, 10000000.0, 0.1]], "15": [[0, 4], [1.0, 10000000.0, 0.1]], "16": [[1, 5], [1.0, 10000000.0, 0.1]], "17": [[2, 6], [1.0, 10000000.0, 0.1]], "18": [[3, 7], [1.0, 10000000.0, 0.1]], "19": [[2, 7], [1.0, 10000000.0, 0.1]], "20": [[3, 11], [1.0, 10000000.0, 0.1]], "21": [[8, 11], [1.0, 10000000.0, 0.1]], "22": [[8, 6], [1.0, 10000000.0, 0.1]], "23": [[6, 11], [1.0, 10000000.0, 0.1]], "24": [[3, 8], [1.0, 10000000.0, 0.1]], "25": [[6, 7], [1.0, 10000000.0, 0.1]], "26": [[7, 11], [1.0, 10000000.0, 0.1]], "27": [[10, 11], [1.0, 10000000.0, 0.1]], "28": [[6, 10], [1.0, 10000000.0, 0.1]], "29": [[2, 3], [1.0, 10000000.0, 0.1]], "30": [[2, 8], [1.0, 10000000.0, 0.1]], "31": [[3, 9], [1.0, 10000000.0, 0.1]], "32": [[8, 9], [1.0, 10000000.0, 0.1]], "33": [[2, 6], [1.0, 10000000.0, 0.1]], "34": [[3, 7], [1.0, 10000000.0, 0.1]], "35": [[8, 10], [1.0, 10000000.0, 0.1]], "36": [[9, 11], [1.0, 10000000.0, 0.1]], "37": [[6, 13], [1.0, 10000000.0, 0.1]], "38": [[11, 13], [1.0, 10000000.0, 0.1]], "39": [[10, 15], [1.0, 10000000.0, 0.1]], "40": [[10, 12], [1.0, 10000000.0, 0.1]], "41": [[6, 14], [1.0, 10000000.0, 0.1]], "42": [[13, 14], [1.0, 10000000.0, 0.1]], "43": [[6, 11], [1.0, 10000000.0, 0.1]], "44": [[12, 13], [1.0, 10000000.0, 0.1]], "45": [[13, 15], [1.0, 10000000.0, 0.1]], "46": [[14, 15], [1.0, 10000000.0, 0.1]], "47": [[12, 14], [1.0, 10000000.0, 0.1]], "48": [[6, 7], [1.0, 10000000.0, 0.1]], "49": [[6, 10], [1.0, 10000000.0, 0.1]], "50": [[7, 11], [1.0, 10000000.0, 0.1]], "51": [[10, 11], [1.0, 10000000.0, 0.1]], "52": [[6, 12], [1.0, 10000000.0, 0.1]], "53": [[7, 13], [1.0, 10000000.0, 0.1]], "54": [[10, 14], [1.0, 10000000.0, 0.1]], "55": [[11, 15], [1.0, 10000000.0, 0.1]], "56": [[16, 1], [1.0, 10000000.0, 0.1]], "57": [[17, 0], [1.0, 10000000.0, 0.1]], "58": [[19, 1], [1.0, 10000000.0, 0.1]], "59": [[19, 2], [1.0, 10000000.0, 0.1]], "60": [[18, 3], [1.0, 10000000.0, 0.1]], "61": [[18, 0], [1.0, 10000000.0, 0.1]], "62": [[1, 2], [1.0, 10000000.0, 0.1]], "63": [[16, 19], [1.0, 10000000.0, 0.1]], "64": [[0, 1], [1.0, 10000000.0, 0.1]], "65": [[1, 3], [1.0, 10000000.0, 0.1]], "66": [[2, 3], [1.0, 10000000.0, 0.1]], "67": [[0, 2], [1.0, 10000000.0, 0.1]], "68": [[16, 17], [1.0, 10000000.0, 0.1]], "69": [[16, 18], [1.0, 10000000.0, 0.1]], "70": [[17, 19], [1.0, 10000000.0, 0.1]], "71": [[18, 19], [1.0, 10000000.0, 0.1]], "72": [[16, 0], [1.0, 10000000.0, 0.1]], "73": [[17, 1], [1.0, 10000000.0, 0.1]], "74": [[18, 2], [1.0, 10000000.0, 0.1]], "75": [[19, 3], [1.0, 10000000.0, 0.1]]}, "displace": {"0": [0.01660746081829146, -0.03109034607633817, -0.0039211077376224935], "1": [0.016589341531111104, -0.03382647500097952, -0.009781523324107077], "2": [0.0106633099148809, -0.03481089627957947, 0.007386030730934391], "3": [0.00976711221950761, -0.03659045890521356, -0.002035209238199868], "4": [0.02380755954913441, -0.05463915444540226, -0.0058543189340904715], "5": [0.025369197753752865, -0.049244230725884026, -0.0093634229953586], "6": [0.03192519596670126, -0.05056181726292834, 0.010121000189589651], "7": [0.031628759279352964, -0.04596368983274765, -0.001964969117306618], "8": [0.004321333707064943, -0.03884589691025734, 0.009518442442394833], "9": [0.005103354390481669, -0.0377683282573109, -0.006526164649559492], "10": [0.020841930972755246, -0.050869695033748, 0.008528783324146336], "11": [0.0209789584414485, -0.04468184324104373, -0.00516625268545058], "12": [0.05645327294345908, -0.046802129849875494, 0.013870848982018895], "13": [0.057791904205752614, -0.03317189933721529, 7.739251465349837e-05], "14": [0.046775258255786704, -0.04489935362725234, 0.0075546255957658105], "15": [0.04790251883342194, -0.032220918061055946, -0.007705892892530708]}, "external": {"0": [979.0467012731906, 279.99951970818574, 113.89948754929242], "1": [458.25359590069843, -673.1950124761432, -241.0891164847044], "3": [-580.9859384570246, -466.0443559017733, 873.3091754249879], "4": [-541.9038560717913, -935.7995121919245, -369.0939038818361], "6": [752.7352529453376, -370.64423840304414, 310.87733058976005], "9": [271.3688885288004, -270.33564205983157, -259.6380657662347], "11": [-534.4182272779396, -797.9971411805418, -444.0527937798157], "12": [-464.5182480485945, -578.0343128273471, 885.8194286701089], "13": [369.2285019797491, 685.7038403796191, 551.9998230924896], "15": [296.0707704931872, 218.2620113339765, -657.722703603806], "16": [46.21576197525303, 0.0, 832.6275293795175], "17": [-922.5524179716601, 0.0, 3544.291813283809], "18": [-235.8652365486606, 1583.369319569477, -3742.2591106365653], "19": [107.32445127945243, 1324.71552404934, -1398.968893837004]}, "internal": {"0": -91.10925675529924, "1": -257.2652950875654, "2": -5.1343007189077206, "3": 320.0911719241018, "4": -243.22101480671833, "5": -902.7096080435957, "6": 468.62988356692875, "7": 541.9038560717909, "8": 752.9248698681349, "9": -102.86645362549643, "10": 935.7995121919248, "11": -6.287571323030534, "12": -853.9124701887595, "13": -634.3686267612475, "14": -310.9894375593194, "15": -369.093903881836, "16": 79.82484419394905, "17": 522.1677571167445, "18": 13.410433623076301, "19": 320.0911719241018, "20": -1112.8120365186844, "21": -808.9652346433274, "22": 1167.7226560930183, "23": -217.12552825755697, "24": 214.97496925833528, "25": -102.86645362549643,